id,nombre,edad
1,Mary Cannon,79
2,Cynthia Garrett,31
3,Daniel Gordon,73
4,Joel Merritt,35
5,Anthony Burnett,25
6,Katie Romero,22
7,Jason Jensen,78
8,Sharon Gray,63
9,Amanda Anderson,57
10,Amanda Park,31
11,Dennis Caldwell,37
12,Timothy Hampton,67
13,Melinda Reed,76
14,Jessica White,42
15,Kristen Estrada,18
16,Mrs. Laurie Little DDS,79
17,Eric Krause,53
18,Anna Hutchinson,72
19,Jeffrey Thomas,59
20,Karen Garza,25
21,Benjamin Castillo,59
22,Ian Ballard,61
23,Deborah Sparks,18
24,Christopher Combs,18
25,Ricky Hall,45
26,Candace Lee,52
27,Tara Maldonado,22
28,Mary Richardson,73
29,Michael Buckley,28
30,Sydney Gonzalez,45
31,Jeffery Spencer,54
32,Ryan Hunter,78
33,Clifford Brown,61
34,Crystal Barrera,57
35,Kathleen Diaz,77
36,Michael Edwards,38
37,Mr. Scott Adams DDS,57
38,Christopher Dennis,25
39,Laura Sanders,78
40,Kimberly Oliver,37
41,Erika Garcia,55
42,Laura Martinez,18
43,Jaime Gutierrez,32
44,Ryan Thompson,62
45,Wanda Smith,58
46,Megan Ramsey,19
47,Scott Diaz,57
48,Dr. Richard Mccormick,30
49,Kathleen Reyes,34
50,Sarah Wilson,30
51,Kaitlin Copeland,55
52,Jacqueline Walsh,72
53,Ashley Kemp,50
54,Leslie Nguyen,32
55,Monica Evans,57
56,Daniel Phillips,27
57,Stefanie Ramirez,39
58,Denise Little,52
59,Joseph Robinson,44
60,Stacey Torres,24
61,Brittany Smith,38
62,Melissa Alvarez,43
63,Linda Mata,50
64,Monica Sanders,67
65,David James,25
66,Taylor Meyer,58
67,Jocelyn Patton,20
68,Dustin Curtis,59
69,Casey Robinson,62
70,Susan Clark,70
71,Anthony Johnson,47
72,Ian Foster,53
73,Sandra Williams MD,45
74,David Alexander,36
75,Louis Cooper,60
76,Kimberly Byrd,18
77,Kelly Arnold,23
78,Devon Olson,18
79,Cheryl Smith,28
80,Anthony Vasquez,42
81,Elizabeth Flores,71
82,Mr. Joseph Gaines,79
83,Matthew Mueller,69
84,Scott Powell,57
85,Sue Jenkins,19
86,Jose Knight,34
87,Charles Smith,45
88,Janice Herrera,65
89,Michael Barry,66
90,William Shea,55
91,John Moreno,47
92,Rodney Williams,26
93,Steven Cortez,72
94,Ronald Daugherty,54
95,Paul Jordan,44
96,Bonnie Smith,54
97,Christopher Schroeder,41
98,Tonya Christensen,28
99,Samantha Evans,51
100,Amanda Davis,29
101,Anthony Anderson,78
102,Sheila Newton,54
103,Charles Miller,39
104,Joseph Barajas,69
105,Jason Sherman,68
106,Felicia Ray,24
107,Matthew Shaw,35
108,Mary Weeks,39
109,Jonathan King,68
110,Jose Cunningham Jr.,40
111,Travis Smith,80
112,Jodi Sullivan,57
113,Peter Mendoza DDS,56
114,Holly Perry,47
115,Wendy Fowler,31
116,Emma Griffith,39
117,Thomas Mason,48
118,Julie Hudson,40
119,Robert Ramirez,70
120,Kenneth Howell,35
121,Sierra Torres,27
122,Cristina Salinas,49
123,Paul James,62
124,Christine Vasquez,37
125,Eric Gonzalez,69
126,Tanya Garcia,68
127,Benjamin Ellison,19
128,Edgar Kennedy,45
129,Jeremy Salazar,64
130,Anthony Moss,31
131,Christian Carrillo,39
132,Stephanie Freeman,59
133,Megan Bell,40
134,Jacqueline Martinez,59
135,Maria Nunez,36
136,Jerry Christensen,31
137,Michelle Barker,61
138,Melissa Gross,70
139,Nicole Atkins,32
140,Jeanette Hester,71
141,Mary Jones,66
142,Shannon Cole,53
143,John Joyce,56
144,Donald Burnett,55
145,Misty Collins DVM,37
146,Javier Taylor,56
147,James Pratt,78
148,Mary Williams,26
149,Ryan Morris,65
150,Wesley Davis,72
151,Jerry Cook,35
152,Elizabeth Weiss,22
153,Linda Smith,36
154,Adam Hill,26
155,Nicole Smith,29
156,James Scott,78
157,Tiffany Jones,46
158,Joshua Montgomery,78
159,Amber Blair,26
160,Dr. Ashley Fuller MD,20
161,Kim Smith,38
162,Melissa Clarke,76
163,William Coleman,18
164,Kenneth Nguyen,49
165,Terry Golden,18
166,Tina Sanchez,34
167,Tracey Harrison,65
168,Dawn Reid,32
169,John Schultz,26
170,Edwin Kaiser,23
171,Joshua Allen,79
172,Mr. James Acosta,29
173,Betty Fitzgerald,36
174,Larry Sullivan,54
175,Andrea Jones,51
176,Dana Brown,32
177,Steven Ward,52
178,Robert Garcia,50
179,Felicia Allen,31
180,Sara Nichols,20
181,Alexander Mathews,40
182,Leslie Jefferson,46
183,Anthony Newman,26
184,Connor Murphy,24
185,Teresa Roberts,42
186,Bryan Love,68
187,Jon Haynes,40
188,Rebecca Smith,22
189,Peter Delgado,29
190,James Kim,22
191,John Williams,27
192,Tracy Anderson,56
193,Leslie Thomas,18
194,Michael Lawrence,20
195,Jill Arnold,68
196,Cody George,22
197,Shannon Robertson,28
198,Kenneth Mcdonald,66
199,Matthew Hernandez,32
200,Jessica Thompson,33
